{
    "greScore": 0.00173741157101406,
    "toeflScore": 0.002919576816925125,
    "universityRating": 0.005716658134921038,
    "sop": -0.0033051690450663545,
    "lor": 0.022353127328359396,
    "cgpa": 0.11893945359703187,
    "research": 0.024525106295323548,
    "intercept": -1.259432478248015
}