{
    "intercept": -1.2302337510969932,
    "coefficients": {
        "GRE Score": 0.0018625096236188755,
        "TOEFL Score": 0.002723687101486908,
        "University Rating": 0.0073774496071792785,
        "SOP": -0.00029274271261125285,
        "LOR": 0.01577024249611296,
        "CGPA": 0.11466916117535818,
        "Research": 0.022227049933554996
    },
    "mse": 0.004617003377285012,
    "r2": 0.8212082591486991
}