{
    "intercept": 4.3879189211610917e+281,
    "coefficients": {
        "GRE Score": -5.3700528365334796e-278,
        "TOEFL Score": 0.0,
        "University Rating": -2.168404344971009e-19,
        "SOP": -0.005464481075469645,
        "LOR": -0.005464481478069795,
        "CGPA": -0.005464481478069791,
        "Research": -1.6779078469941377e-278
    },
    "mse": Infinity,
    "r2": NaN
}