{
    "GRE Score": 0.00173741157101406,
    "TOEFL Score": 0.002919576816925125,
    "University Rating": 0.005716658134921038,
    "SOP": -0.0033051690450663545,
    "LOR": 0.022353127328359396,
    "CGPA": 0.11893945359703187,
    "Research": 0.024525106295323548,
    "intercept": -1.259432478248015
}